estrategia,episodio,passos,recompensa_total,todas_ideais_pct,temperatura_inicial,temperatura_media,temperatura_ideal_pct,temperatura_desvio_medio,umidade_inicial,umidade_media,umidade_ideal_pct,umidade_desvio_medio,luminosidade_inicial,luminosidade_media,luminosidade_ideal_pct,luminosidade_desvio_medio,irrigacao_ligada_pct,ventilacao_ligada_pct,iluminacao_ligada_pct,acao_0,acao_1,acao_2,acao_3,acao_4,acao_5,acao_6,acao_7
aleatorio,1,200,33.8742250385458,5.5,19.66767838949548,22.57648654923693,99.5,0.0005921216179743993,57.63836653771878,93.01490597678938,10.0,23.3510693230175,660.640441495764,594.1503366592951,48.5,50.08709529984029,50.0,53.5,48.5,17,28,28,30,30,18,25,24
treinado,1,200,516.0424253167453,67.0,19.66767838949548,24.491097188149237,100.0,0.0,57.63836653771878,51.788366537718666,67.5,0.11753087524139616,660.640441495764,797.3032022074789,99.5,0.34839889626059006,33.0,33.0,99.5,0,1,0,0,133,0,1,65
aleatorio,2,200,24.638073615628368,4.5,30.040008227089857,23.12964650227059,95.0,0.09073626074990351,35.64502677788279,80.967057765586,5.5,23.301471117206997,400.95610101019156,613.4411576150152,53.5,47.126647173458316,48.0,51.5,53.5,26,23,29,15,22,26,27,32
treinado,2,200,506.23453649096314,65.0,30.040008227089857,24.776302215196928,98.0,0.043520147318329094,35.64502677788279,51.515026777882966,65.5,0.2124657616304372,400.95610101019156,798.004780505051,100.0,0.0,34.5,34.5,100.0,0,0,0,0,130,1,1,68
aleatorio,3,200,43.25302318524598,4.5,26.414429133391213,23.07972391098685,99.5,0.0028649311002604525,60.610746205850106,92.81604177911153,7.0,23.53328954470201,905.0360442348713,620.4630737012587,55.0,43.349226185585124,49.0,50.5,54.5,20,23,21,27,29,27,32,21
treinado,3,200,512.9609507245126,67.0,26.414429133391213,24.728095805438567,99.0,0.0010859283551791243,60.610746205850106,50.89074620585,68.0,0.4445612141279662,905.0360442348713,798.5251802211744,100.0,0.0,32.5,33.5,99.5,0,0,0,1,133,0,2,64
aleatorio,4,200,1.0751209015190344,0.0,25.669360367906272,23.218530965075328,100.0,0.0,70.1796445825062,96.54526978951303,0.0,26.54526978951303,891.3037906722274,618.9991534663286,55.0,42.33327180502605,49.5,48.5,54.5,26,16,24,25,26,35,25,23
treinado,4,200,510.70953510020735,67.0,25.669360367906272,24.779623061455755,98.5,0.0016331890953311934,70.1796445825062,50.61964458250627,68.0,0.5825137335980162,891.3037906722274,800.4565189533611,100.0,0.0,31.5,32.5,100.0,0,0,0,0,135,0,2,63
aleatorio,5,200,59.71575923792664,0.5,28.514363414220654,22.923588383460938,98.0,0.017215031016771718,62.258646557183745,89.91156388187643,1.5,19.9476841835186,415.9406714311343,608.7106874784871,52.5,43.52819652932472,44.0,54.5,52.5,24,17,26,28,25,25,37,18
treinado,5,200,509.3040174417403,66.0,28.514363414220654,24.739198014136868,98.0,0.010591288531207735,62.258646557183745,50.61864655718392,68.0,0.5572331017012039,415.9406714311343,798.0797033571557,100.0,0.0,32.5,34.5,100.0,0,0,0,0,131,0,4,65
aleatorio,6,200,75.84274662992445,6.5,26.59885992951789,23.544670777014343,98.5,0.0032165447920093726,36.090509897457146,86.58851061769901,16.0,20.98407294538557,935.0852175671342,602.963042977561,51.0,45.5067931868091,51.5,46.5,50.5,21,35,19,24,32,19,25,25
treinado,6,200,504.76446435891415,65.5,26.59885992951789,24.63639519134407,99.5,0.003694869682830504,36.090509897457146,49.89050989745703,65.5,0.8187740853772866,935.0852175671342,800.6754260878356,100.0,0.0,34.5,34.5,100.0,0,0,0,0,131,0,0,69
aleatorio,7,200,14.52230596315778,2.5,24.29516765595111,23.141149075261154,99.5,0.0003463104423836683,74.81194785984607,93.88238957196921,5.5,24.19773243967768,816.6602607165132,594.2232087134508,49.0,54.954775833555146,51.0,49.0,48.5,30,24,21,28,25,23,22,27
treinado,7,200,512.6339640629403,66.5,24.29516765595111,24.749334204957513,99.0,0.0010619227397340935,74.81194785984607,51.47194785984609,67.5,0.39235590274694815,816.6602607165132,800.0833013035825,100.0,0.0,31.5,32.5,100.0,0,0,0,0,135,0,2,63
aleatorio,8,200,36.88602533423071,3.5,27.51144519745755,23.550701209999634,99.5,0.00280150338855897,41.56235636656699,90.05995403730145,7.5,21.51341236414922,426.36179337570115,579.78184041889,45.0,56.57668633310199,50.5,46.0,45.0,22,30,29,29,31,25,17,17
treinado,8,200,510.0945947338685,66.0,27.51144519745755,24.7625168788416,98.5,0.011685422811495573,41.56235636656699,51.52235636656688,66.0,0.16879883536722418,426.36179337570115,798.1318089668785,100.0,0.0,34.0,33.5,100.0,0,0,0,0,132,1,0,67
aleatorio,9,200,-39.407540916173986,0.0,31.71877287316865,23.26745616599432,95.0,0.12895796818997032,81.11245140146451,96.83893579905126,0.0,26.83893579905126,924.6223109864446,589.2262579129838,47.5,53.489796297093854,54.0,51.0,47.0,22,33,24,27,19,24,27,24
treinado,9,200,503.26761671293605,65.5,31.71877287316865,24.83339643970421,96.5,0.0538217445309343,81.11245140146451,52.16245140146456,66.5,0.4029513505826142,924.6223109864446,798.6231115549323,100.0,0.0,31.0,35.0,99.5,0,0,1,0,130,0,7,62
aleatorio,10,200,8.122890401952649,0.5,31.99518573614641,23.429367798441753,96.5,0.0825854302630514,58.24731506462738,93.2332801363098,5.5,23.449677807755283,268.6879109650908,589.6065107254789,47.5,57.640371464958655,49.0,49.5,48.0,29,25,23,27,21,26,29,20
treinado,10,200,504.0800470653169,65.0,31.99518573614641,24.81428520308676,97.0,0.058562691494137606,58.24731506462738,50.65731506462739,68.0,0.5608591793192409,268.6879109650908,797.3434395548254,99.5,0.32828022258727285,32.5,35.0,100.0,0,0,0,0,130,0,5,65
aleatorio,11,200,5.461420866030466,1.5,22.765524009282213,23.546546972655523,100.0,0.0,60.65977953071564,94.38566803195377,5.5,24.709380157764407,462.90968700380427,585.6831153194346,46.5,55.642166334488195,52.5,44.5,46.5,32,29,23,23,21,29,19,24
treinado,11,200,514.0942834748262,67.5,22.765524009282213,24.613895074905553,100.0,0.0,60.65977953071564,50.75977953071542,67.5,0.43557165251741736,462.90968700380427,798.3145484350191,100.0,0.0,32.5,33.0,100.0,0,0,0,0,134,0,1,65
aleatorio,12,200,7.933761639528403,0.0,24.40426917353598,23.13173422445409,100.0,0.0,78.20611454891954,93.91133630019058,0.0,23.911336300190573,833.5779871402219,592.9075892275673,48.5,53.77931303784882,44.0,49.0,48.0,31,18,28,27,31,22,22,21
treinado,12,200,508.44184597232766,66.0,24.40426917353598,24.787638607094888,98.5,0.0013971554884693305,78.20611454891954,51.11611454891947,67.0,0.6202267808133323,833.5779871402219,800.167889935701,100.0,0.0,31.0,32.0,100.0,0,0,0,0,136,0,2,62
aleatorio,13,200,86.06553518983624,4.0,26.08392702285932,23.210654615274766,99.0,0.0036175760454471907,31.360661585842703,82.54385471054943,9.0,18.944016539646068,839.7761004564177,608.1175885360633,52.0,44.549394557827824,45.0,50.0,51.5,27,21,24,25,33,19,26,25
treinado,13,200,510.1942824711569,65.5,26.08392702285932,24.56322321059606,100.0,0.0,31.360661585842703,51.16066158584258,65.5,0.38057175288426637,839.7761004564177,800.1988805022821,100.0,0.0,35.0,35.0,100.0,0,0,0,0,130,0,0,70
aleatorio,14,200,89.39810469030955,4.0,23.089591253213698,23.14815505145428,100.0,0.0,53.221962302831045,86.74935737144838,18.5,20.406658869084932,558.8959939917315,609.2704815678995,52.5,49.85295992826178,51.5,49.0,52.5,23,21,26,25,28,30,20,27
treinado,14,200,513.7435737144842,66.5,23.089591253213698,24.56353345148709,100.0,0.0,53.221962302831045,51.21196230283102,66.5,0.26064262855159986,558.8959939917315,798.7944799699586,100.0,0.0,33.0,33.5,100.0,0,0,0,0,133,0,1,66
aleatorio,15,200,-9.77040901115774,2.5,26.200049428360806,22.36864589067521,99.0,0.004610422612484886,57.41502961290918,94.00442781322637,5.5,24.346601184516366,304.803149274729,569.3983742581064,42.0,65.804970392242,51.5,58.5,42.5,28,22,32,33,15,18,22,30
treinado,15,200,514.2867531797924,67.0,26.200049428360806,24.73505388472605,99.5,8.579110715873029e-05,57.41502961290918,51.565029612909356,67.5,0.1901153758045165,304.803149274729,797.5240157463736,99.5,0.23799212681317727,33.0,33.5,100.0,0,0,0,0,133,0,1,66
aleatorio,16,200,-19.725981262586135,1.0,25.089022481707403,22.60881220873408,99.5,0.0007439574947872885,71.25807346903912,96.35951697955872,1.0,26.376936244868325,740.148722290174,593.6897298878486,48.0,56.36529077116713,50.5,55.0,48.0,24,22,26,32,21,23,28,24
treinado,16,200,515.2042296450107,67.0,25.089022481707403,24.753507856621034,99.0,0.0005401363978804597,71.25807346903912,51.69807346903894,68.0,0.23741648990748218,740.148722290174,799.7007436114509,100.0,0.0,31.5,32.5,100.0,0,0,0,0,135,0,2,63
aleatorio,17,200,-2.1457814261183685,0.0,24.87442995290516,21.89574341711542,97.0,0.0070155667112996945,80.42150504034683,95.22587090726243,0.0,25.225870907262426,432.779089063629,609.5561557957028,52.5,48.90967452756312,45.5,62.0,52.5,25,20,28,22,18,13,38,36
treinado,17,200,507.5687143881625,65.5,24.87442995290516,24.77540100828946,98.5,0.0020643744206670788,80.42150504034683,51.47150504034708,66.5,0.5998710635011535,432.779089063629,798.1638954453182,100.0,0.0,31.0,32.5,100.0,0,0,0,0,135,0,3,62
aleatorio,18,200,-40.05508911886713,0.0,23.879526107728495,22.73863369100915,97.5,0.00507574817583393,80.94282160717614,97.53828464821528,0.0,27.538284648215285,631.2709693733935,587.9374451630742,47.0,57.028819064521386,54.5,53.0,47.0,21,29,23,33,26,18,21,29
treinado,18,200,509.1297721327895,65.5,23.879526107728495,24.780630335181755,98.5,0.001431736191588513,80.94282160717614,51.99282160717612,66.5,0.4512958419547994,631.2709693733935,799.1563548468671,100.0,0.0,31.0,32.0,100.0,0,0,0,0,136,0,2,62
aleatorio,19,200,22.330313205318863,2.5,25.251821289006052,23.274291909240148,99.5,0.00014727320942798273,31.395687584976802,90.69590033416907,5.5,22.185396261896752,402.0723818931258,579.1353178145631,45.0,61.88974987100475,52.0,48.5,45.0,24,33,26,27,25,21,21,23
treinado,19,200,510.31512216816975,65.5,25.251821289006052,24.52577845259908,100.0,0.0,31.395687584976802,51.19568758497681,65.5,0.3684877831830046,402.0723818931258,798.0103619094656,100.0,0.0,35.0,35.0,100.0,0,0,0,0,130,0,0,70
aleatorio,20,200,57.348321348321264,2.5,19.805983926757058,22.968184638071207,99.5,0.001873072329593235,32.68882388584233,87.9356500908898,7.0,20.8885500302966,834.196375838629,602.9872112455896,51.0,50.611883183293465,50.0,49.0,50.5,20,30,26,23,28,24,26,23
treinado,20,200,501.4584548189063,64.0,19.805983926757058,24.29732093752956,99.0,0.0005069009169936756,32.68882388584233,50.38882388584224,65.0,0.7589116399551815,834.196375838629,794.1709818791932,99.0,0.12322911729241526,35.0,35.0,98.5,2,1,0,0,127,0,1,69
aleatorio,21,200,3.0650327408381286,2.0,30.415545205673297,23.287943672858827,96.5,0.04760140057473999,35.64170091935928,92.58192317467827,3.5,25.026710559758353,760.0787258630139,605.2329673542441,51.0,47.19570845788309,51.0,51.0,51.0,21,25,26,26,28,24,23,27
treinado,21,200,506.6283973785729,65.0,30.415545205673297,24.74320137925654,98.0,0.032136769830397094,35.64170091935928,51.51170091935922,65.5,0.21361318282104824,760.0787258630139,799.8003936293151,100.0,0.0,34.5,35.0,100.0,0,0,0,0,130,0,1,69
aleatorio,22,200,102.30725398007439,11.0,24.58056451375615,22.877393797581092,100.0,0.0,56.51622130451231,88.13035303048906,21.5,19.999365450018914,406.0345416118643,606.8537073314726,52.0,44.17363727960472,48.5,52.0,52.0,19,27,31,19,22,28,31,23
treinado,22,200,512.4535303048903,67.0,24.58056451375615,24.662177063634832,100.0,0.0,56.51622130451231,50.54622130451216,67.0,0.48964696951093956,406.0345416118643,798.0301727080592,100.0,0.0,33.0,33.5,100.0,0,0,0,0,133,0,1,66
aleatorio,23,200,30.30738679440454,0.0,30.402896953435132,23.0031449126703,97.0,0.04821200471220756,64.46687790407913,92.60372264458096,3.5,22.7773819179382,611.1167111014786,608.3721186232323,52.0,44.910470756587756,45.5,53.0,52.0,22,24,28,22,26,22,33,23
treinado,23,200,507.07990382664946,65.5,30.402896953435132,24.792632207846466,97.5,0.03218623404019899,64.46687790407913,50.666877904079094,67.5,0.4982646811742839,611.1167111014786,799.0555835555075,100.0,0.0,32.0,34.5,100.0,0,0,0,0,131,0,5,64
aleatorio,24,200,-0.9318325324764692,0.0,24.571684509540546,22.519691953482514,99.0,0.002070902853422929,81.12055795475254,95.03815343755696,0.0,25.038153437556943,1088.5030596031243,602.4967024341339,50.0,49.901193064155095,46.0,56.0,50.0,27,20,19,34,21,20,41,18
treinado,24,200,505.70558883459734,64.5,24.571684509540546,24.761777463319813,98.5,0.0015972436374061517,81.12055795475254,52.65055795475259,65.5,0.5930521419905764,1088.5030596031243,799.4425152980157,100.0,0.0,31.0,32.5,99.5,0,0,0,1,135,0,3,61
aleatorio,25,200,36.1180012576041,3.5,25.638851743296463,23.499191597400888,100.0,0.0,60.788782925266155,92.35902747519555,7.0,23.0338126704269,802.778538304534,604.2755675538796,51.5,53.54080805719026,51.5,46.0,51.0,24,28,26,20,28,28,19,27
treinado,25,200,512.4928127228399,67.0,25.638851743296463,24.743194822853248,99.0,0.0005182946068967453,60.788782925266155,50.8887829252662,67.5,0.39364554928849926,802.778538304534,800.0138926915226,100.0,0.0,32.5,33.0,100.0,0,0,0,0,134,0,1,65
aleatorio,26,200,31.494368981178813,0.5,22.306781915382143,22.82048197305896,99.0,0.0022971608227056526,73.98911014629503,94.5080398263331,2.5,24.53831207267573,651.7096514142394,628.4188277855357,57.0,35.9709357887335,52.0,51.5,57.0,24,16,20,26,21,36,31,26
treinado,26,200,518.5132619336927,67.5,22.306781915382143,24.69325168060307,99.5,7.448799553166907e-05,73.98911014629503,52.53911014629502,68.0,0.013375854648539728,651.7096514142394,799.2585482570712,100.0,0.0,31.5,32.0,100.0,0,0,0,0,136,0,1,63
aleatorio,27,200,-10.253633825218994,0.0,24.70450068465263,23.410988205025884,100.0,0.0,78.64475527485565,96.45769930385984,0.0,26.457699303859844,589.7601483932003,601.5601570864212,50.5,47.889961179930836,50.0,47.0,50.5,19,26,30,24,35,26,16,24
treinado,27,200,509.6526904370966,65.5,24.70450068465263,24.751149025233172,98.5,0.0016774964996395703,78.64475527485565,51.554755274855786,67.0,0.49302097029186015,589.7601483932003,798.948800741966,100.0,0.0,31.0,32.5,100.0,0,0,0,0,135,0,3,62
aleatorio,28,200,103.49993072254053,10.5,22.12123802040359,22.99435378200854,100.0,0.0,44.796976450906904,86.34232193025338,17.0,18.582926640071943,229.79833733185652,601.3111507348178,50.5,46.3812043151099,47.0,49.5,51.0,26,21,28,23,31,23,21,27
treinado,28,200,510.88620167275735,66.5,22.12123802040359,24.50150737155127,100.0,0.0,44.796976450906904,50.79697645090705,66.5,0.40301288894618764,229.79833733185652,797.1489916866593,99.5,0.4255041566703585,34.0,34.0,100.0,0,0,0,0,132,0,0,68
aleatorio,29,200,8.949772146438418,0.5,27.17899793646174,22.761682649839486,97.5,0.013782511777469466,62.850026844716936,92.92225765074433,4.0,22.998256576955647,612.4047087370772,584.8122458378318,46.0,60.47454241935953,51.5,54.5,46.0,23,24,30,31,24,20,20,28
treinado,29,200,512.5343463184666,66.5,27.17899793646174,24.72910656761926,99.0,0.001956023171584302,62.850026844716936,51.00002684471693,67.5,0.37374127546699576,612.4047087370772,799.0620235436855,100.0,0.0,32.5,34.0,100.0,0,0,0,0,132,0,3,65
aleatorio,30,200,7.2410025642089355,2.5,25.320443324576374,23.274134388663587,99.5,0.0003575005246686302,56.923464013609824,94.86696372142904,3.5,25.15464248095269,1029.3587496865825,600.3779614412834,50.0,49.122408907916196,47.5,47.5,49.5,31,21,26,23,26,27,22,24
treinado,30,200,513.8474312449126,67.0,25.320443324576374,24.69547161009825,100.0,0.0,56.923464013609824,50.95346401360978,67.0,0.35525687550875845,1029.3587496865825,799.146793748433,100.0,0.0,33.0,33.5,99.5,0,0,1,0,133,0,0,66
aleatorio,31,200,31.458472643500812,7.0,21.641547245510452,22.64952194907849,97.0,0.00709275068621082,56.70630258072977,91.13832354195326,11.5,22.88297269355473,660.1401030274704,588.6428484118308,47.0,53.14213559025513,50.0,53.0,47.0,25,26,23,32,27,16,25,26
treinado,31,200,513.1307985164082,67.0,21.641547245510452,24.57992128662179,100.0,0.0,56.70630258072977,50.736302580729806,67.0,0.4269201483591762,660.1401030274704,799.3007005151375,100.0,0.0,33.0,33.0,100.0,0,0,0,0,134,0,0,66
aleatorio,32,200,-27.049971835008318,0.0,29.56642914533764,23.49267587735926,96.0,0.07956081926666574,74.43776021810339,96.46313280654311,0.0,26.4631328065431,702.0542047732158,597.9519204032376,49.5,53.75431649836601,46.5,48.0,49.5,35,21,25,20,21,27,26,25
treinado,32,200,507.4455697888888,66.0,29.56642914533764,24.78654097197896,97.5,0.022239971908185135,74.43776021810339,51.097760218103176,67.5,0.5064831334784654,702.0542047732158,799.510271023866,100.0,0.0,31.5,34.5,100.0,0,0,0,0,131,0,6,63
aleatorio,33,200,-8.691463662056877,0.0,30.701727110674078,23.343767531544362,96.0,0.07613070356223804,75.72716072912368,95.62952473488787,0.0,25.62952473488788,484.99139630712574,607.1187040481526,52.0,45.076482256032826,51.0,50.0,52.0,21,24,25,26,32,23,20,29
treinado,33,200,505.60752421236776,65.5,30.701727110674078,24.83762938032607,96.5,0.037872096640864876,75.72716072912368,52.777160729123906,66.5,0.22775919219975066,484.99139630712574,798.4249569815356,100.0,0.0,31.5,34.5,100.0,0,0,0,0,131,0,6,63
aleatorio,34,200,68.02307439617014,5.0,30.83536374097033,22.990687003290983,94.0,0.15999514232338707,35.410569452604705,85.1330692392528,12.0,19.825792708945354,820.399818158646,610.1440719018915,53.0,44.87878923216136,48.0,53.5,52.5,24,16,32,23,25,28,23,29
treinado,34,200,505.57111774855036,65.0,30.83536374097033,24.762093213331582,98.0,0.03863367157338635,35.410569452604705,51.28056945260443,65.5,0.29335353885137694,820.399818158646,800.1019990907932,100.0,0.0,34.5,35.0,100.0,0,0,0,0,130,0,1,69
aleatorio,35,200,2.6876933556675056,0.5,28.99117643737103,23.626759823445745,97.5,0.029977054511520277,58.33453330573226,94.93348932974521,3.5,25.131780664044562,607.6286340488011,602.6064897822108,50.5,49.26812673513907,52.0,47.0,50.5,24,31,22,22,26,25,24,26
treinado,35,200,508.2424640427663,65.5,28.99117643737103,24.729104784674384,98.5,0.014037396653739743,58.33453330573226,50.38453330573212,67.0,0.549604009108354,607.6286340488011,799.038143170244,100.0,0.0,32.5,34.5,100.0,0,0,0,0,131,0,4,65
aleatorio,36,200,2.5722355875182736,0.0,31.513754848857847,23.5554403003013,96.5,0.07530346235222829,83.19972815675817,95.77195650508132,0.0,25.771956505081306,958.1957985101411,622.838392618097,56.0,39.81909130136929,48.0,48.0,55.5,22,19,27,21,30,33,25,23
treinado,36,200,502.1899882702084,65.0,31.513754848857847,24.8426208130784,96.5,0.050481264217853906,83.19972815675817,52.389728156758274,66.0,0.4340761161077126,958.1957985101411,798.7909789925508,100.0,0.0,30.5,34.5,99.5,0,0,1,0,131,0,7,61
aleatorio,37,200,75.30786192903115,6.0,24.708047488048145,22.77841071686986,99.5,0.00028067480608774177,33.536233534441536,79.3682615874821,13.5,19.081738981900262,439.81952602369563,586.1061417629976,46.5,56.870281889583936,50.0,53.0,46.5,26,26,29,26,23,19,22,29
treinado,37,200,511.2000056938237,65.5,24.708047488048145,24.517913797605065,100.0,0.0,33.536233534441536,51.386233534441615,65.5,0.2799994306176702,439.81952602369563,798.1990976301184,100.0,0.0,35.0,35.0,100.0,0,0,0,0,130,0,0,70
aleatorio,38,200,58.1451802470304,6.0,24.97789057479652,22.94628068758665,100.0,0.0,35.31643998401063,88.05278119632244,9.5,19.518226198321116,872.7961888236816,576.2015501488073,44.0,59.43383665463765,45.5,51.5,43.5,26,26,33,28,29,16,21,21
treinado,38,200,510.841717944837,65.5,24.97789057479652,24.54850692098595,100.0,0.0,35.31643998401063,51.186439984010505,65.5,0.3258282055163332,872.7961888236816,800.3639809441183,100.0,0.0,34.5,34.5,100.0,0,0,0,0,131,0,0,69
aleatorio,39,200,16.75282154405915,3.0,23.75835172868536,23.016689751238086,100.0,0.0,54.71671477263002,94.23750721589451,7.0,24.7973371818104,212.62928905302113,599.5341551111309,50.0,50.735709956755294,54.5,49.5,50.5,23,27,24,25,27,24,17,33
treinado,39,200,511.7528742314341,66.5,23.75835172868536,24.558572322334737,100.0,0.0,54.71671477263002,50.72671477263026,67.0,0.42348412503209387,212.62928905302113,797.0631464452651,99.5,0.4684267773674472,33.0,34.0,100.0,0,0,0,0,132,0,2,66
aleatorio,40,200,41.65169817919781,2.5,18.002995567897145,22.678624296661564,96.0,0.039519796682673004,61.93519957410156,90.10282788713693,13.0,21.461899946762696,1038.9605056697098,585.7530534591475,46.5,58.12276572880246,46.5,51.5,46.0,26,26,33,23,22,23,26,21
treinado,40,200,503.0102949717121,64.5,18.002995567897145,24.54958129477994,97.5,0.026190789238103685,61.93519957410156,53.53519957410168,66.0,0.2868481107335944,1038.9605056697098,795.1948025283485,98.5,1.2353885271415976,32.5,31.5,98.5,0,3,0,0,134,0,1,62
aleatorio,41,200,18.134067211874463,2.5,19.1629179309448,22.97696504736213,100.0,0.0,73.6573832924183,94.11948507371828,3.5,24.191476658483662,423.0538502986506,598.3226100785748,50.0,47.85174930493336,51.5,49.0,50.0,20,27,21,32,29,26,27,18
treinado,41,200,513.1420633314996,67.0,19.1629179309448,24.651777801177122,99.5,0.0009026158419445096,73.6573832924183,52.567383292418505,67.0,0.19935884519869235,423.0538502986506,796.1152692514933,99.5,0.9423653742533736,31.5,31.0,99.5,0,1,0,0,137,0,0,62
aleatorio,42,200,38.595619879168765,0.0,26.695045267233454,23.233204134184767,97.5,0.010144171627524089,71.35202527086938,91.33632404333912,1.0,21.33956391698475,1060.7302020615548,604.6451705033049,50.5,47.479461128824106,39.5,49.5,50.5,32,21,30,16,25,23,34,19
treinado,42,200,514.4637537486872,67.0,26.695045267233454,24.775778881935565,98.5,0.0015681779523829852,71.35202527086938,51.79202527086947,68.0,0.20735191332179967,1060.7302020615548,799.3036510103078,100.0,0.0,31.5,33.0,99.5,0,0,1,0,134,0,2,63
aleatorio,43,200,-3.0771284301722552,1.0,27.358679835552422,23.540697651004663,96.5,0.01886001703348679,64.9474667359053,94.27844268189918,4.5,24.45580667878343,339.28481418354795,584.6669155598356,46.0,55.37199144149783,55.0,47.0,46.5,28,28,23,28,20,30,19,24
treinado,43,200,509.6923826308082,65.5,27.358679835552422,24.755642437581933,98.0,0.0036549734335676654,64.9474667359053,51.68746673590521,67.5,0.3510226455488852,339.28481418354795,797.6964240709177,99.5,0.1517879645411301,32.0,33.5,100.0,0,0,0,0,133,0,3,64
aleatorio,44,200,24.242914350262488,5.0,22.388198281110363,22.8488216276113,93.0,0.018979620826732352,62.06859917629955,93.39857489703745,7.0,23.84377295469648,892.5750332592637,613.4490129324621,53.5,42.61525690455515,48.0,50.5,53.0,25,18,26,25,27,29,26,24
treinado,44,200,512.222947322973,67.5,22.388198281110363,24.66352058314634,100.0,0.0,62.06859917629955,50.21859917629957,67.5,0.6277052677026452,892.5750332592637,800.4628751662963,100.0,0.0,32.5,32.5,100.0,0,0,0,0,135,0,0,65
aleatorio,45,200,118.56922140999345,1.5,31.299097866191012,23.849298651253235,94.5,0.12349925437720442,57.05939045501212,83.49974341618208,11.0,14.663210466130764,848.425370035784,607.6372870870838,52.0,46.963055630416136,39.0,45.0,51.5,30,21,26,20,39,20,27,17
treinado,45,200,507.20004376658875,65.0,31.299097866191012,24.764511064478626,97.5,0.04614861837377106,57.05939045501212,51.089390455012044,67.0,0.3104011498460001,848.425370035784,800.2421268501789,100.0,0.0,33.0,35.5,100.0,0,0,0,0,129,0,5,66
aleatorio,46,200,147.93246880260682,14.0,19.88810422749259,22.511285492843232,98.5,0.0025714485542345854,42.26102188985119,83.43962919373749,26.0,18.04566131339107,729.1410656131405,637.2527580734562,59.0,33.012090181969825,51.5,54.5,59.0,17,19,23,23,25,30,32,31
treinado,46,200,506.70083433808986,65.5,19.88810422749259,24.38441118490558,99.5,0.00016107408171055936,42.26102188985119,50.241021889851126,66.5,0.6425576668998503,729.1410656131405,795.6457053280657,99.0,0.2507190444650951,34.0,34.0,99.0,1,1,0,0,130,0,1,67
aleatorio,47,200,11.831997436463233,0.0,31.415884452863857,23.858050674957372,95.0,0.11823767406248507,78.17965863712172,93.64425391601144,0.0,23.64425391601143,654.2492513478705,611.7147553919511,53.0,42.89393466138458,46.0,45.0,53.0,24,25,25,20,34,27,25,20
treinado,47,200,502.1938011056104,66.0,31.415884452863857,24.85316129466219,96.5,0.04943022355105452,78.17965863712172,51.089658637121836,67.0,0.6278989952347015,654.2492513478705,799.2712462567393,100.0,0.0,31.0,34.5,100.0,0,0,0,0,131,0,7,62
aleatorio,48,200,-11.691494326647309,2.0,19.18206491953809,22.729330497611624,100.0,0.0,66.77051804070683,95.30090439427423,4.0,25.550083672645943,1041.5503212944532,582.1315706995601,45.0,59.310986400281806,50.5,51.0,45.0,31,29,21,29,20,18,27,25
treinado,48,200,503.8662762029806,65.5,19.18206491953809,24.55263941577788,98.0,0.011275837273697497,66.77051804070683,51.98051804070666,66.5,0.46810753880562106,1041.5503212944532,795.2077516064724,98.5,1.127422377022583,32.0,32.0,98.5,0,2,1,0,134,0,1,62
aleatorio,49,200,-26.914986390894104,0.0,28.968131415201395,23.023496799621515,97.5,0.04929067731276053,80.32588777863685,96.95118270561139,0.0,26.951182705611394,475.4038941631593,599.4101119649542,50.0,52.24729836340461,53.5,52.5,50.0,20,30,24,26,29,16,20,35
treinado,49,200,499.8180149402732,64.5,28.968131415201395,24.80961757405762,97.0,0.01613969182787697,80.32588777863685,51.855887778636905,65.5,0.8036397386612336,475.4038941631593,798.3770194708158,100.0,0.0,31.0,34.0,100.0,0,0,0,0,132,0,6,62
aleatorio,50,200,-35.54640943504657,0.0,23.76854808230476,22.576432190681512,100.0,0.0,74.43972459561748,97.06858209871514,0.0,27.068582098715137,668.0278295741751,579.8787542815454,45.0,59.34088267184282,53.0,55.0,45.0,20,27,32,31,23,20,19,28
treinado,50,200,511.4902776776365,66.5,23.76854808230476,24.725636324188173,99.0,0.0012720584749213871,74.43972459561748,51.09972459561755,67.5,0.5058839983366695,668.0278295741751,799.3401391478709,100.0,0.0,31.5,32.5,100.0,0,0,0,0,135,0,2,63
aleatorio,51,200,86.4642466605857,8.5,20.753759557486227,22.484370890066327,100.0,0.0,30.77725304466,85.5598583220582,13.5,19.8883412043301,295.52054666290564,608.0441077867576,52.0,45.90351194416998,43.5,54.5,52.5,22,19,33,21,24,26,34,21
treinado,51,200,503.70505162015905,65.0,20.753759557486227,24.323365674829475,99.5,0.0009662917716664232,30.77725304466,50.54725304466002,65.0,0.607961434369,295.52054666290564,795.4776027333146,99.0,0.340023547926657,35.0,35.0,99.5,1,0,0,0,129,0,0,70
aleatorio,52,200,46.43279548980187,5.0,30.428790606767436,23.482899875018617,96.5,0.06382862277460824,32.82564551278196,85.20915579806018,8.0,21.307975054481208,512.3160599294692,600.890251484909,50.5,49.77646358160259,49.0,48.0,50.5,24,26,26,23,29,25,23,24
treinado,52,200,501.7278752759256,65.0,30.428790606767436,24.7753472377969,97.5,0.05051504357928499,32.82564551278196,50.67564551278189,65.5,0.5251522980902236,512.3160599294692,798.5615802996475,100.0,0.0,35.0,35.0,100.0,0,0,0,0,129,1,1,69
aleatorio,53,200,16.40151333493808,0.0,22.947639309492793,22.876716132128433,100.0,0.0,72.32435559465672,93.22271067663749,1.5,23.25784534271761,223.211213372827,592.7911876752406,48.0,52.75504985682872,48.0,52.0,48.5,31,24,24,24,19,22,30,26
treinado,53,200,512.0523319755881,67.5,22.947639309492793,24.722090263307585,99.5,0.00021305975339657834,72.32435559465672,50.8743555946568,68.0,0.529449765656416,223.211213372827,797.1160560668641,99.5,0.44197196656793236,31.5,32.0,100.0,0,0,0,0,136,0,1,63
aleatorio,54,200,60.72473982886456,6.5,25.14542978006856,23.771981248006547,100.0,0.0,48.026802931380985,90.85643270353147,12.5,22.123082337108812,473.3045488977904,608.2609967756148,52.0,48.36665520007105,53.0,43.0,52.0,26,33,20,17,28,27,20,29
treinado,54,200,510.788449673557,67.0,25.14542978006856,24.67099083456377,100.0,0.0,48.026802931380985,50.03680293138108,67.0,0.651155032644275,473.3045488977904,798.3665227444889,100.0,0.0,33.5,33.5,100.0,0,0,0,0,133,0,0,67
aleatorio,55,200,55.24331597562221,5.0,22.564598476852453,22.90609384101137,100.0,0.0,36.675506475316965,87.6387440216995,9.0,22.006092079104395,1053.9039479190449,604.9035020027575,51.0,44.093644850000686,52.0,50.5,50.5,21,31,19,28,27,20,29,25
treinado,55,200,510.0467220160783,66.0,22.564598476852453,24.454853426083723,100.0,0.0,36.675506475316965,50.5955064753168,66.0,0.510327798392232,1053.9039479190449,799.2695197395952,100.0,0.0,34.5,34.5,99.5,0,0,0,1,131,0,0,68
aleatorio,56,200,-17.828224339880112,0.0,26.00265506402019,23.01154610643174,100.0,0.0,74.27162386022768,95.14518972645463,0.0,25.145189726454646,338.50152590971913,578.4615482136603,44.5,61.764490613000525,45.5,51.5,45.0,28,25,30,27,28,16,23,23
treinado,56,200,505.9748738435403,65.5,26.00265506402019,24.77617113827367,98.5,0.0011689175322899458,74.27162386022768,51.32162386022778,66.5,0.6425871998351118,338.50152590971913,797.6925076295487,99.5,0.15374618522570244,31.5,33.0,100.0,0,0,0,0,134,0,3,63
aleatorio,57,200,20.35021752510325,3.0,25.274592212571196,23.005589737755887,100.0,0.0,53.84841624113819,93.6142307609935,4.0,24.05180994893658,502.77697677117226,599.3112142755995,50.0,47.67252447829634,52.5,51.0,50.0,25,24,24,27,20,29,26,25
treinado,57,200,515.8421944078137,66.5,25.274592212571196,24.6618584945888,100.0,0.0,53.84841624113819,51.83841624113815,66.5,0.05078055921870675,502.77697677117226,798.5138848838559,100.0,0.0,33.0,33.5,100.0,0,0,0,0,133,0,1,66
aleatorio,58,200,23.218183237085327,1.5,26.375074470539175,22.656001862163844,99.5,0.002687835117426296,67.31740667744388,93.14689430210157,5.0,23.241023968229364,262.55762720568896,592.7726646474131,48.0,50.79609551388596,50.5,55.0,48.5,28,22,26,27,17,23,28,29
treinado,58,200,513.0070199868109,67.0,26.375074470539175,24.776324845520424,98.5,0.0011967522985326085,67.31740667744388,51.86740667744394,68.0,0.2216039299923959,262.55762720568896,797.3127881360285,99.5,0.3436059319857776,32.0,33.0,100.0,0,0,0,0,134,0,2,64
aleatorio,59,200,20.57663499667483,3.5,23.588198978290986,22.43392169827085,100.0,0.0,40.752166365069705,90.76675909579139,6.0,22.826412477380227,1029.3099064829016,582.9955379457532,45.5,57.9138603442843,54.0,56.5,45.0,24,31,27,28,16,16,25,33
treinado,59,200,510.807365641238,66.0,23.588198978290986,24.53597079913893,100.0,0.0,40.752166365069705,50.712166365069606,66.0,0.4442634358762996,1029.3099064829016,799.1465495324145,100.0,0.0,34.0,34.0,99.5,0,0,0,1,132,0,0,67
aleatorio,60,200,44.11985486276106,2.0,18.633312292957537,23.43970946215326,98.5,0.0034968917228871453,59.96215422602462,93.53110624311579,3.0,23.602241616335046,955.0822723162822,628.2661408808435,57.0,33.10177995745945,46.5,43.5,56.5,24,29,17,17,32,28,34,19
treinado,60,200,515.830555185,67.0,18.633312292957537,24.56300089811941,99.0,0.009585179895213045,59.96215422602462,52.642154226024715,68.0,0.021732189932366877,955.0822723162822,796.7754113615814,99.5,0.40307357980232383,32.5,31.5,99.0,0,2,0,0,135,0,0,63
aleatorio,61,200,44.549414132624015,4.5,24.325491995761794,23.09342123124195,100.0,0.0,71.5090332571186,91.9349841457076,6.5,22.226896983994905,369.6763644774012,605.5039609589772,51.0,49.54742404114043,51.0,49.0,51.5,18,32,22,25,31,21,27,24
treinado,61,200,515.9587423478098,67.0,24.325491995761794,24.719148984772236,99.5,0.0004906170608180815,71.5090332571186,51.949033257118614,68.0,0.1571093577220472,369.6763644774012,797.8483818223871,99.5,0.07580908880649702,31.5,32.5,100.0,0,0,0,0,135,0,2,63
aleatorio,62,200,7.60008802232283,0.0,27.9532368891007,23.517751681204317,97.0,0.022036042558406077,78.27992954198896,95.89099471564917,0.0,25.89099471564917,316.2258005223206,628.2166310689521,57.0,38.56278467827381,44.0,47.5,57.5,19,20,30,16,33,33,30,19
treinado,62,200,496.6101094284258,63.5,27.9532368891007,24.797342154374405,97.0,0.007502269018740968,78.27992954198896,52.14992954198887,65.0,0.9500176145027592,316.2258005223206,797.5811290026115,99.5,0.20943549869419825,31.0,33.5,100.0,0,0,0,0,133,0,5,62
aleatorio,63,200,-11.154391784250944,0.0,25.419111751482852,23.414945827550586,100.0,0.0,73.19749227573462,95.6658620751654,0.0,25.665862075165407,665.1673950638929,590.2842434067605,47.5,53.243656548895345,46.0,46.5,47.5,33,22,31,19,19,33,25,18
treinado,63,200,513.9443029874608,67.0,25.419111751482852,24.78330652314976,98.5,0.0016980766829043327,73.19749227573462,51.747492275734515,68.0,0.2587773945222685,665.1673950638929,799.3258369753196,100.0,0.0,31.5,32.5,100.0,0,0,0,0,135,0,2,63
aleatorio,64,200,22.99624482606206,5.0,31.392224400699916,23.370340820735837,91.0,0.12448567927636095,38.82148739969179,87.93126441292448,7.5,22.531785126003083,959.9372526064865,605.5833875246245,51.5,47.78471511427898,48.5,49.0,51.0,22,25,22,29,30,25,29,18
treinado,64,200,501.0934618631421,65.0,31.392224400699916,24.818701758486633,97.5,0.06726674164487804,38.82148739969179,50.67148739969181,65.5,0.5265868471063324,959.9372526064865,800.7996862630325,100.0,0.0,34.5,35.0,100.0,0,0,0,0,130,0,1,69
aleatorio,65,200,-3.875669222846233,1.5,23.45960011943651,23.41538956588936,100.0,0.0,53.39448518541157,92.88311762966586,5.5,24.020641537051752,572.6781091186505,568.2216055370722,42.0,67.3038807784931,50.5,45.5,42.0,27,38,24,27,28,16,20,20
treinado,65,200,514.3215253711292,66.5,23.45960011943651,24.580183850455377,100.0,0.0,53.39448518541157,51.38448518541157,66.5,0.20284746288712463,572.6781091186505,798.8633905455932,100.0,0.0,33.0,33.5,100.0,0,0,0,0,133,0,1,66
aleatorio,66,200,66.02825264379082,7.5,19.101223404441736,22.61333219499602,99.5,4.449468001219259e-05,46.77000932615945,90.6694020517551,13.5,22.075450792723554,509.6593756767023,609.9529176663301,52.5,42.92318946265989,51.0,52.5,52.5,25,17,28,25,21,32,24,28
treinado,66,200,505.4955674939075,65.5,19.101223404441736,24.384056898432085,99.5,4.449468001219259e-05,46.77000932615945,50.670009326159345,65.5,0.48434678247498864,509.6593756767023,794.5482968783836,99.0,1.5887773412123662,33.5,33.5,99.0,2,0,0,0,131,0,0,67
aleatorio,67,200,-5.315431523369942,2.5,21.688211653342943,22.941252624696507,100.0,0.0,57.368132993268844,95.8010166241586,3.5,26.043131969394196,902.2232467941537,594.295991126209,48.5,50.076167744141976,57.0,50.0,48.0,23,33,20,28,18,26,25,27
treinado,67,200,515.3148388777871,67.0,21.688211653342943,24.532021185008077,100.0,0.0,57.368132993268844,51.398132993268966,67.0,0.2085161122212814,902.2232467941537,798.5111162339708,100.0,0.0,33.0,33.5,99.5,0,0,1,0,133,0,0,66
aleatorio,68,200,42.16962949754826,4.0,23.820323497260986,23.634310963503232,98.5,0.003323090700011946,55.723520813382606,91.99332176674343,10.0,22.46096968540517,493.2103422835588,596.7551137667646,49.5,52.406625030599216,48.0,44.0,49.5,26,31,24,20,29,26,25,19
treinado,68,200,516.4376186841624,67.0,23.820323497260986,24.611361051879488,100.0,0.0,55.723520813382606,51.73352081338251,67.0,0.09123813158373992,493.2103422835588,798.4660517114178,100.0,0.0,33.0,33.5,100.0,0,0,0,0,133,0,1,66
aleatorio,69,200,27.53661475462158,3.5,24.748738976002937,23.12808139012449,98.5,0.002950631719031005,36.60580913721659,90.40601659901291,5.5,22.98,916.9422222094911,598.2648585117263,49.5,51.81803996492578,53.0,48.0,49.0,26,26,27,23,23,29,18,28
treinado,69,200,509.809751066537,66.0,24.748738976002937,24.553139748476152,100.0,0.0,36.60580913721659,50.52580913721662,66.0,0.5340248933463587,916.9422222094911,798.5847111110475,100.0,0.0,34.5,34.5,99.5,0,0,0,1,131,0,0,68
aleatorio,70,200,-3.123520314613312,0.0,29.15396797533078,23.14155608824373,96.5,0.04818784015138565,74.88837883026251,93.89428122568401,0.0,23.894281225683997,963.0829475290916,589.6558893389118,47.5,53.55479167757675,47.0,51.5,47.0,27,25,33,21,19,26,27,22
treinado,70,200,509.0717806118359,66.0,29.15396797533078,24.767980219361593,97.5,0.017194370511641795,74.88837883026251,51.54837883026266,67.5,0.36904445676993425,963.0829475290916,798.8154147376455,100.0,0.0,31.5,34.5,99.5,0,0,1,0,131,0,5,63
aleatorio,71,200,-32.57868521538774,0.0,21.238687381660057,23.314035523030153,100.0,0.0,82.45206326336844,97.7313015815842,0.0,27.731301581584212,990.7586925380101,593.1161716469767,48.5,55.823504099318455,56.5,46.0,48.0,24,29,20,31,21,34,22,19
treinado,71,200,503.26767780602603,64.0,21.238687381660057,24.680242777051784,99.0,0.0014421669683149397,82.45206326336844,52.15206326336846,65.0,0.8524635515242045,990.7586925380101,798.9537934626901,100.0,0.0,30.5,31.5,99.5,0,0,0,1,137,0,2,60
aleatorio,72,200,57.96791289205355,6.5,27.039508913652526,23.509737250254933,99.0,0.0067878012117290965,52.440135441558866,89.17323792363649,13.0,21.374013544155886,904.9824554487998,592.2659983804805,48.0,50.35565942687772,50.0,47.0,47.5,28,31,25,21,23,24,24,24
treinado,72,200,510.2157874290028,66.5,27.039508913652526,24.74127974607707,99.0,0.000916488203549779,52.440135441558866,50.49013544155874,67.0,0.5147553042855744,904.9824554487998,798.524912277244,100.0,0.0,33.0,33.5,99.5,0,0,0,1,133,0,1,65
aleatorio,73,200,18.72567199150766,1.5,29.892908408118736,23.327695462862984,94.5,0.059836625619891955,66.87194276627027,92.87618712241081,8.0,23.236431701109186,1065.0787586306506,599.0170799833305,49.0,51.32481895890712,54.0,50.0,49.0,29,21,18,34,19,31,26,22
treinado,73,200,509.7618750063764,66.0,29.892908408118736,24.784627372761538,97.5,0.026028689226533182,66.87194276627027,51.42194276627029,68.0,0.35969774245621766,1065.0787586306506,799.3253937931532,100.0,0.0,32.0,34.5,99.5,0,0,0,1,131,0,5,63
aleatorio,74,200,31.951029460792554,3.0,22.927302240219444,23.041679931643003,100.0,0.0,38.62175177293714,92.21191531912868,5.0,23.18595765956434,705.8022902789818,600.0182987788266,50.0,47.384090915346036,47.0,49.0,50.0,25,26,21,28,31,20,29,20
treinado,74,200,510.01395602798584,66.0,22.927302240219444,24.48778026146092,100.0,0.0,38.62175177293714,50.56175177293708,66.0,0.5086043972013741,705.8022902789818,799.5290114513949,100.0,0.0,34.5,34.5,100.0,0,0,0,0,131,0,0,69
aleatorio,75,200,14.55475736657072,0.5,26.01265145156713,23.054023259049817,99.5,0.00105693153205209,59.610830671413495,93.75714089470992,2.0,23.884924281281645,298.7241518401055,596.7827511550124,49.0,48.080583838996105,54.0,51.5,49.5,25,22,21,33,22,28,24,25
treinado,75,200,514.989451858815,67.0,26.01265145156713,24.745071160256103,99.5,0.0006738685752927864,59.610830671413495,51.810830671413505,67.5,0.12648003179061398,298.7241518401055,797.4936207592006,99.5,0.25318962039973597,32.5,33.0,100.0,0,0,0,0,134,0,1,65
aleatorio,76,200,50.90816447503548,6.5,28.024175553967147,23.159853034327295,98.5,0.011744820880629359,60.568986693907846,92.05948720572066,10.0,22.842588536329863,711.2373646935332,617.371760322137,54.0,44.919235989661054,48.5,50.0,54.0,28,23,20,21,31,18,24,35
treinado,76,200,510.4634871396292,66.5,28.024175553967147,24.750534394332156,98.5,0.0058929903892983755,60.568986693907846,50.66898669390812,67.5,0.46507932447995015,711.2373646935332,799.5561868234677,100.0,0.0,32.5,34.0,100.0,0,0,0,0,132,0,3,65
aleatorio,77,200,59.794599940797035,10.5,21.002090737057404,23.280228594908458,99.5,0.0002617199296204298,46.20850660618936,90.04212665154735,15.0,22.04668052849515,441.29063563999995,600.1882505584687,50.0,51.04218896559997,51.0,46.0,50.0,29,33,13,25,24,22,32,22
treinado,77,200,510.2984971307342,66.5,21.002090737057404,24.469595928326363,100.0,0.0,46.20850660618936,50.19850660618938,66.5,0.6001502869265645,441.29063563999995,798.2064531782,100.0,0.0,33.5,33.5,100.0,0,0,0,0,133,0,0,67
aleatorio,78,200,54.607422581282165,5.5,25.780278219704734,22.947139506286916,100.0,0.0,35.58006564516362,89.93451805242,7.0,22.78850492338727,437.34144782116755,620.5042786021403,55.5,39.986292277267715,51.0,52.0,55.5,15,27,27,20,25,29,31,26
treinado,78,200,511.7512264758145,65.5,25.780278219704734,24.58461436498133,100.0,0.0,35.58006564516362,51.45006564516358,65.5,0.2348773524185506,437.34144782116755,798.1867072391059,100.0,0.0,34.5,34.5,100.0,0,0,0,0,131,0,0,69
aleatorio,79,200,56.372822822399606,3.0,31.368259430712016,23.318714488150572,96.0,0.09771363967525165,39.42012981200192,86.73864283796064,9.0,20.07781168308017,816.0925615905485,596.1407255867545,49.5,50.010772139682885,46.5,50.5,49.0,23,26,28,25,27,23,29,19
treinado,79,200,505.73233317598454,65.0,31.368259430712016,24.767623334879865,97.5,0.04740270462056891,39.42012981200192,51.36012981200187,66.0,0.23715586391934806,816.0925615905485,800.0804628079527,100.0,0.0,34.5,35.5,100.0,0,0,0,0,129,0,2,69
aleatorio,80,200,-47.08163968361298,0.0,28.627578265872202,22.72709772194447,98.0,0.019276509295561385,69.72970730906309,96.85837658472505,0.0,26.858376584725047,366.9456689160313,568.7915871977743,42.0,63.190220196810145,57.5,56.0,42.5,22,27,29,37,15,24,19,27
treinado,80,200,507.8886001598843,65.5,28.627578265872202,24.794292682356403,97.5,0.01214937797848787,69.72970730906309,52.74970730906309,66.5,0.1970334169170201,366.9456689160313,797.8347283445802,99.5,0.08263582770992173,32.0,34.0,100.0,0,0,0,0,132,0,4,64
aleatorio,81,200,22.583208385353103,2.5,26.821211483243708,22.979200216328845,99.5,0.0004005816199278911,57.86446837518588,95.05170323065009,4.0,25.217124495642658,449.10746387614086,618.3267992007774,55.0,39.41928509013477,52.5,52.0,55.0,23,16,25,26,23,34,24,29
treinado,81,200,515.8196752686961,66.5,26.821211483243708,24.713006177246793,99.0,0.0009961737664696457,57.86446837518588,52.014468375186155,67.5,0.04404777806458924,449.10746387614086,798.2455373193807,100.0,0.0,33.0,34.0,100.0,0,0,0,0,132,0,2,66
aleatorio,82,200,58.37977056323215,6.0,29.72347729574748,23.573021280067138,95.0,0.06399598893733177,46.00698829628516,86.89206154740414,14.0,21.070174707407133,483.1416088733955,600.189782433135,50.0,47.18796420780489,51.5,47.5,50.0,24,30,26,20,22,29,25,24
treinado,82,200,503.9785438769422,65.0,29.72347729574748,24.762058323296564,98.0,0.0386216728903401,46.00698829628516,49.99698829628525,66.5,0.6676589207444721,483.1416088733955,798.415708044367,100.0,0.0,33.5,34.5,100.0,0,0,0,0,130,1,3,66
aleatorio,83,200,30.26220352766905,3.5,21.65201618958814,23.205300220276087,99.0,0.0023045451163960884,33.458349300644386,88.70812859264498,7.5,22.54624952098067,570.4781009245228,588.7735468815387,47.0,54.949679186802605,51.5,47.0,47.0,25,32,23,26,25,24,24,21
treinado,83,200,510.93130508722385,65.5,21.65201618958814,24.380392389271375,100.0,0.0,33.458349300644386,51.30834930064466,65.5,0.30686949127768687,570.4781009245228,798.8523905046226,100.0,0.0,35.0,35.0,100.0,0,0,0,0,130,0,0,70
aleatorio,84,200,5.105572306970631,0.5,30.57275698087169,23.339588820561048,95.5,0.09422643590330415,72.7228612760999,95.87228612760998,3.0,25.940600289326994,573.0754320985784,625.0239609811044,56.5,38.87905104544088,52.0,49.5,56.5,17,19,19,32,32,33,28,20
treinado,84,200,505.2812879651984,66.0,30.57275698087169,24.815220558488626,97.0,0.03537524338727836,72.7228612760999,51.63286127609982,67.0,0.4703702299310274,573.0754320985784,798.8653771604929,100.0,0.0,31.5,34.5,100.0,0,0,0,0,131,0,6,63
aleatorio,85,200,18.540769510863537,0.5,18.21601984502645,23.331569839866635,96.5,0.033774386990649996,35.30474523408261,92.09918805894198,2.5,23.752189809363305,220.67993416582647,609.0289398392381,52.0,45.12953537381612,48.5,44.0,52.5,26,28,21,20,24,34,32,15
treinado,85,200,492.47367312526535,63.5,18.21601984502645,24.244222738449306,98.5,0.004919255251186385,35.30474523408261,50.72474523408268,63.5,0.733767989559845,220.67993416582647,789.1033996708293,97.5,3.4378151536335126,34.5,34.5,98.0,4,0,0,0,127,0,0,69
aleatorio,86,200,29.279597647692093,3.0,19.722284401313825,22.78671862304142,99.0,0.005274468368766776,67.72045829046371,93.93645499485565,5.5,24.04182978888014,718.8329464887947,612.6556193579141,53.0,44.161688593133704,52.5,51.0,53.0,22,21,22,29,24,31,27,24
treinado,86,200,517.5981422779183,68.0,19.722284401313825,24.626949292450863,100.0,0.0,67.72045829046371,52.27045829046346,68.0,0.0966579299562497,718.8329464887947,797.594164732444,99.5,0.20291763377801317,32.0,31.5,99.5,0,1,0,0,136,0,0,63
aleatorio,87,200,58.93415296614356,5.0,31.105555281074132,23.732181352745897,95.0,0.0730417381042886,49.266875031021186,89.00006250930637,15.5,20.443696879498074,901.7810956421512,591.813565079133,48.0,55.6608130720562,42.0,46.5,47.5,29,28,29,19,32,18,26,19
treinado,87,200,506.11467065624595,65.0,31.105555281074132,24.78919648208075,97.5,0.06198401744186999,49.266875031021186,51.2468750310211,66.5,0.2555968646079026,901.7810956421512,800.5089054782106,100.0,0.0,33.5,35.0,100.0,0,0,0,0,130,0,3,67
aleatorio,88,200,50.67039490249769,6.5,26.50157085627457,22.996377528915104,98.0,0.007289008426884447,66.00944052846651,91.24226572683197,13.5,22.520991255488983,753.6303507850301,602.6280582448039,50.5,48.86719830830541,50.5,51.5,50.5,25,29,21,24,25,18,28,30
treinado,88,200,511.05610766311145,67.0,26.50157085627457,24.732017182957346,99.0,0.0006025506995531771,66.00944052846651,50.289440528466564,68.0,0.6369790308907158,753.6303507850301,799.7681517539252,100.0,0.0,32.0,33.5,100.0,0,0,0,0,133,0,3,64
aleatorio,89,200,61.73661147224119,6.5,30.94641545160612,23.311701014830373,88.5,0.11932076402075241,47.383505094261544,88.25046390092193,19.5,20.88534020377046,394.07260518261563,611.0732599187529,52.5,45.20573389383625,50.0,52.0,53.0,24,21,23,26,22,29,31,24
treinado,89,200,506.7936319548441,65.0,30.94641545160612,24.817090540271387,97.5,0.05905139662142506,47.383505094261544,51.40350509426162,67.0,0.20344331889369052,394.07260518261563,797.9703630259131,99.5,0.014818487043460777,33.5,34.5,100.0,0,0,0,0,130,1,3,66
aleatorio,90,200,9.400224566749829,0.0,24.47737783168059,23.018684159119257,98.0,0.0057768835470756305,83.85116638374001,95.2836283022114,0.0,25.2836283022114,990.5628823302404,615.5511521753393,54.0,39.34862560387971,49.0,50.5,53.5,21,28,21,23,28,22,32,25
treinado,90,200,505.8652018763697,64.0,24.47737783168059,24.77598384724294,98.5,0.0011957680338665888,83.85116638374001,53.551166383739876,65.0,0.48869674022759796,990.5628823302404,798.9528144116512,100.0,0.0,30.5,32.0,99.5,0,0,0,1,136,0,3,60
aleatorio,91,200,-15.261955111353215,0.0,27.610488483593286,23.592418526424424,98.0,0.009190367595283142,77.37154236115066,94.72430847223013,0.0,24.72430847223013,813.2633267109085,581.8771543164362,45.5,60.976883527860885,49.0,46.0,45.0,31,25,27,27,23,29,21,17
treinado,91,200,510.88662506328865,66.0,27.610488483593286,24.76697382670743,98.0,0.004450050504101188,77.37154236115066,52.14154236115038,67.0,0.24853729165480218,813.2633267109085,800.0663166335545,100.0,0.0,31.0,33.5,100.0,0,0,0,0,133,0,5,62
aleatorio,92,200,12.09678314287219,2.0,30.932248305693907,23.49746999511059,95.0,0.08152611376533954,51.39760174642113,93.11048437548054,7.0,23.732652253231063,1052.3572611446239,601.6823182326406,50.0,54.39847466130538,52.0,48.5,50.0,30,23,22,25,24,26,20,30
treinado,92,200,508.58967456207097,65.5,30.932248305693907,24.7980028342015,97.5,0.04056028002798431,51.39760174642113,51.42760174642107,67.0,0.19879142368102676,1052.3572611446239,799.261786305723,100.0,0.0,33.5,35.0,99.5,0,0,0,1,130,0,3,66
aleatorio,93,200,13.748705916826049,3.5,22.988450712016448,23.412908959541742,100.0,0.0,70.44628064583613,94.17487595177147,4.0,24.397024725938046,593.0672227634168,599.6486784578273,50.0,53.59657023569023,50.0,45.5,50.0,29,22,22,27,29,29,20,22
treinado,93,200,513.666413441835,67.5,22.988450712016448,24.708982127006962,99.5,0.00029211562100904585,70.44628064583613,50.88628064583599,68.0,0.4971901933324398,593.0672227634168,798.9653361138172,100.0,0.0,31.5,32.0,100.0,0,0,0,0,136,0,1,63
aleatorio,94,200,-36.403684301182764,0.0,18.331286400109775,21.862292724636085,99.5,0.0035092111995060193,68.24153444305168,96.69173809987466,0.0,26.69173809987465,460.600126940116,574.8829317879149,44.0,60.74390228168399,54.5,60.0,44.0,19,25,33,35,16,20,23,29
treinado,94,200,508.50822528189883,66.5,18.331286400109775,24.48095954855252,99.0,0.0037516722711059105,68.24153444305168,50.8115344430518,68.5,0.5539166504387218,460.600126940116,792.3030006347005,98.5,2.2538119843057784,32.0,32.5,98.5,2,1,0,0,132,0,2,63
aleatorio,95,200,22.615248029818332,0.0,31.41597918248257,22.909809151945264,97.0,0.05026667153283954,73.99137184301294,91.83935288822596,0.0,21.83935288822597,310.0837071779952,598.3331563274014,49.5,52.6208343399126,44.5,54.5,50.0,25,21,27,27,31,14,28,27
treinado,95,200,502.74955533105356,65.0,31.41597918248257,24.85316555749504,96.5,0.049432203926105964,73.99137184301294,53.32137184301269,66.0,0.25232960238650565,310.0837071779952,797.55041853589,99.5,0.2247907320550121,31.5,34.5,100.0,0,0,0,0,131,0,6,63
aleatorio,96,200,44.39730528396309,3.5,28.750507800526254,23.67380536907092,96.0,0.06565328904160796,47.5385387033845,91.81002006287996,7.0,22.591551579575366,1012.6644314694634,623.4534709494537,55.5,42.991571037928395,52.0,46.5,55.5,19,29,16,25,30,29,31,21
treinado,96,200,505.5522718022119,65.0,28.750507800526254,24.76827469600331,98.0,0.03711448346704408,47.5385387033845,51.438538703384474,65.5,0.2192041473323463,1012.6644314694634,801.0633221573473,99.5,0.03166107867365838,33.5,34.0,100.0,0,0,0,0,132,0,1,67
aleatorio,97,200,38.71885248599564,2.0,25.590195725821413,22.674162048299685,100.0,0.0,48.83661132946354,92.39294252947757,7.0,23.56091528323659,704.7765556762415,613.5586925264705,53.5,45.85799202245773,53.0,54.5,53.5,22,21,23,27,19,29,30,29
treinado,97,200,513.4608173872297,67.0,25.590195725821413,24.69100530210852,100.0,0.0,48.83661132946354,50.846611329463414,67.0,0.3839182612770328,704.7765556762415,799.5238827783812,100.0,0.0,33.5,33.5,100.0,0,0,0,0,133,0,0,67
aleatorio,98,200,82.55695200310866,5.5,28.10349518030816,23.275999415287806,93.5,0.07404932972944471,36.19286804584285,86.50268211489893,11.0,18.80507284595957,757.0732616664222,618.8337616865708,54.5,43.39551952217672,50.5,50.0,54.5,24,23,20,24,29,24,26,30
treinado,98,200,506.10035600419997,66.0,28.10349518030816,24.704103777563372,99.0,0.006384883791634763,36.19286804584285,50.11286804584285,66.0,0.6744248644134295,757.0732616664222,799.7853663083322,100.0,0.0,34.5,34.5,100.0,0,0,0,0,131,0,0,69
aleatorio,99,200,91.93773532425952,4.0,19.655961323696836,22.560500376013422,99.5,0.0009989871311639753,36.91250755445744,82.64325317287212,12.5,18.543687613316862,518.6365845595103,601.619324402483,50.5,49.103143585987866,46.0,52.0,50.5,23,23,29,24,27,23,29,22
treinado,99,200,504.01695730398706,65.0,19.655961323696836,24.323964754308523,99.5,0.0009226188776125178,36.91250755445744,50.68250755445742,65.0,0.560622355939894,518.6365845595103,794.5931829227976,99.0,0.8098715722638008,34.5,34.5,99.0,2,0,0,0,129,0,0,69
aleatorio,100,200,15.971517857636094,3.0,27.0705085219917,23.504440575182016,99.0,0.0025528478630290506,66.06899109947133,92.28414317539162,9.5,22.717589020941844,225.9147553316732,572.1879787304176,43.0,68.47571702763643,51.0,46.5,43.5,34,29,27,23,20,24,17,26
treinado,100,200,505.7807695283421,65.5,27.0705085219917,24.757619377902657,98.0,0.0019790646419384572,66.06899109947133,50.948991099471485,67.0,0.6299925811533135,225.9147553316732,797.1295737766584,99.5,0.43521311167081705,32.0,33.5,100.0,0,0,0,0,133,0,3,64
